{
  "n_estimators": 743,
  "max_depth": 3,
  "learning_rate": 0.019207806401666475,
  "subsample": 0.8195407235792755,
  "colsample_bytree": 0.7248838512719009
}