Precision,Recall,F1-score,ROC-AUC,PR-AUC,Model
0.06105834464043419,0.9183673469387755,0.11450381679389313,0.9720698616390846,0.7155557381497707,LogisticRegression
0.8421052631578947,0.8163265306122449,0.8290155440414507,0.9808214981969152,0.8267970461073545,RandomForest
0.8863636363636364,0.7959183673469388,0.8387096774193549,0.9738035900910731,0.8514282132221633,LightGBM
