Precision,Recall,F1-score,ROC-AUC,Model
0.061182868796736914,0.9183673469387755,0.1147227533460803,0.9715708191689733,LogisticRegression
0.5704225352112676,0.826530612244898,0.675,0.9719460431189921,RandomForest
0.9404761904761905,0.8061224489795918,0.8681318681318682,0.9749942218023957,XGBoost
